Date;MC.1;MC.2;MC.3;MC.4;MC.5;SI.1;SI.2;SI.3;SI.4;SI.5;RA.1;RA.2;RA.3;RA.4;RA.5;SE.1;SE.2;SE.3;SE.4;SE.5;LE.1;LE.2;LE.3;LE.4;LE.5
1/1/21;-14;-19;-7;0;-5;54.5;-8;33;-12;-44;-17;9;2;7;-18;-30;-36;-54;5;-42;-63;-36;-63;-27;-24
1/2/21;-17;-16;-8;-1;-7;56;-11;31;-15;-36;-20;5;-1;2;-19;-32;-37;-54;4;-42;-67;-39;-66;-31;-26
1/3/21;-19;-18;-9;-1;-9;54.5;-9;30;-17;-48;-20;4;-1;2;-20;-35;-38;-56;2;-43;-68;-41;-68;-32;-29
1/4/21;-14.5;-11;-0.5;0;-5;64.5;12;24;7;-29;-18;6;0;4;-18;-23;-23;-39;4;-46;-55;-39;-58;-14;-16
1/5/21;-17.5;-8;-1.5;-1;-7;66;9;22;4;-21;-19;5;0;4;-18;-25;-24;-39;3;-46;-59;-42;-61;-18;-18
1/6/21;-19.5;-10;-2.5;-1;-9;64.5;11;21;2;-33;-22;3;0;0;-24;-28;-25;-41;1;-47;-60;-44;-63;-19;-21
1/7/21;-7.5;-3;1.5;1;-2;67;13;25;9;-18;-23;4;0;-1;-24;-18;-21;-37;-46;-44;-52;-36;-55;-11;-13
1/8/21;-11.5;-5;-0.5;0;-5;67;13;25;9;-18;-24;2;-1;-2;-25;-21;-24;-40;2;-47;-55;-38;-58;-15;-15
1/9/21;-14.5;-7;-1.5;-1;-7;65;12;24;6;-20;-21;4;1;0;-22;-22;-25;-41;0;-48;-56;-41;-61;-17;-19
1/10/21;-16.5;-7;-1.5;-1;-7;65;11;24;4;-22;-22;3;0;-2;-21;-23;-26;-42;1;-48;-56;-41;-60;-16;-18
1/11/21;-19.5;-8;-2.5;-1;-7;61;5;18;1;-24;-22;3;0;-1;-21;-23;-26;-42;0;-39;-58;-43;-63;-18;-20
1/12/21;-21.5;-9;-2.5;-2;-8;62;4;18;0;-26;-14;11;5;9;-13;-23;-26;-42;1;-49;-56;-39;-59;-15;-17
1/13/21;-24.5;-10;-3.5;-3;-9;63;3;19;-1;-27;-13;12;5;10;-12;-25;-24;-40;2;-47;-50;-33;-51;-8;-11
1/14/21;-23.5;-10;-4.5;-2;-9;63;1;19;-2;-28;-12;13;6;11;-11;-25;-24;-40;2;-47;-54;-37;-56;-12;-15
1/15/21;-25.5;-9;-6.5;1;-8;63;2;20;-1;-27;-13;11;6;9;-15;-19;-23;-35;3;-44;-43;-27;-42;-1;-2
1/16/21;-14.5;-7;-2.5;1;-4;66;5;22;6;-19;-16;9;7;5;-18;-11;-21;-31;6;-24;-43;-27;-42;-1;-2
1/17/21;-16.5;-7;-2.5;0;-4;66;12;22;6;-19;-17;7;1;5;-19;-4;-18;-28;8;-15;-44;-27;-42;-2;-3
1/18/21;-18.5;-6;-3.5;-1;-5;66;10;22;5;-20;-18;7;1;5;-19;-5;-19;-29;8;-15;-46;-30;-46;-4;-6
1/19/21;-14.5;-10;-6.5;-1;-7;64;8;20;4;-21;-19;6;0;4;-20;-6;-20;-29;7;-16;-49;-34;-49;-8;-9
1/20/21;-17.5;-12;-8.5;-2;-8;63;7;19;4;-21;-21;4;-3;3;-22;-7;-20;-30;7;-16;-51;-35;-52;-10;-7
1/21/21;-7.5;-4;-1.5;1;2;67;13;25;8;-16;-21;8;-2;3;-23;-8;-21;-31;6;-17;-53;-37;-55;-11;-9
1/22/21;-10.5;-5;-2.5;1;-4;66;12;23;6;-17;-21;8;-3;2;-27;-8;-21;-32;5;-18;-57;-33;-60;-17;-12
1/23/21;-14.5;-9;-3.5;1;-5;64;8;21;4;-30;-24;1;1;0;-23;-9;-22;-33;4;-19;-61;-43;-63;-20;-21
1/24/21;-19.5;-12;-8.5;-1;-8;63;8;20;2;-30;-24;1;1;-1;-24;-9;-22;-33;4;-19;-63;-47;-65;-22;-23
1/25/21;-20.5;-10;-7.5;0;-6;62;7;18;2;-23;-23;2;3;-2;-23;-10;-23;-34;3;-20;-64;-49;-67;-23;-24
1/26/21;-22.5;-8;-5.5;1;-5;61;1;15;-1;-25;-27;-2;0;0;-29;-10;-24;-35;2;-21;-66;-50;-68;-25;-20
1/27/21;-22.5;-9;-6.5;0;-6;60;0;12;-3;-27;-27;-3;0;0;-29;-11;-16;-36;1;-21;-67;-52;-70;-27;-26
1/28/21;-23.5;-10;-6.5;-1;-14;60;-1;11;-4;-28;-28;-3;0;0;-30;-12;-17;-37;1;-22;-68;-53;-72;-29;-28
1/29/21;-24.5;-11;-7.5;-1;-8;67;14;28;14;-8;-29;-4;-1;-1;-30;-10;-15;-36;2;-20;-67;-51;-70;-28;-27
1/30/21;-26.5;-13;-8.5;-1;-8;65;12;26;13;-10;-29;-3;0;-1;-29;-10;-15;-35;2;-21;-67;-51;-69;-28;-26
1/31/21;-23.5;-13;-7.5;0;-8;63;5;20;5;-16;-30;-4;1;0;-36;-11;-16;-35;1;-21;-66;-50;-69;-26;-23
2/1/21;-24.5;-13;-8.5;0;-9;61;5;18;2;-18;-31;-6;0;0;-32;-12;-17;-36;1;-22;-68;-51;-70;-27;-25
2/2/21;-26.5;-14;-8.5;0;-8;59;3;17;0;-20;-29;-9;-10;-7;-36;-13;-18;-37;0;-23;-68;-52;-72;-29;-26
2/3/21;-29.5;-14;-9.5;-3;-10;59;1;13;-1;-21;-34;-9;-10;-7;-36;-13;-18;-37;0;-23;-69;-54;-73;-31;-28
2/4/21;-31.5;-15;-10.5;-3;-11;57;0;12;-1;-23;-35;-10;-11;-8;-37;-27;-23;-39;-3;-26;-70;-55;-77;-32;-30
2/5/21;-31.5;-15;-10.5;-4;-11;60;3;17;2;-21;-35;-11;-12;-9;-37;-34;-29;-41;-5;-29;-74;-58;-76;-34;-33
2/6/21;-30.5;-15;-10.5;-5;-12;58;-3;13;-1;-24;-36;-12;-13;-10;-38;-39;-40;-45;-7;-33;-74;-59;-77;-39;-32
2/7/21;-29.5;-16;-10.5;-5;-13;56;-6;11;12;-24;-36;-13;-15;-10;-39;-38;-37;-44;-7;-32;-71;-66;-75;-32;-31
2/8/21;-29.5;-16;-10.5;-6;-13;55;-7;10;16;-25;-37;-15;-11;-12;-46;-38;-37;-44;-7;-32;-71;-55;-75;-32;-31
2/9/21;-29.5;-16;-11.5;-7;-14;55;-8;9;15;-26;-37;-15;-11;-12;-46;-39;-38;-45;-8;-33;-72;-56;-76;-33;-32
2/10/21;-28.5;-14;-9.5;-3;-11;55;-8;9;15;-26;-35;-11;-7;-5;-36;-39;-39;-45;-8;-34;-73;-57;-77;-33;-32
2/11/21;-28.5;-15;-10.5;-5;-12;52;-12;4;10;-31;-33;-10;-6;-3;-34;-40;-39;-46;-9;-35;-71;-61;-74;-31;-30
2/12/21;-28.5;-16;-10.5;-7;-14;51;-10;2;8;-42;-33;-10;-7;-2;-33;-40;-40;-46;-10;-36;-71;-56;-76;-28;-32
2/13/21;-29.5;-16;-11.5;-8;-15;50;-10;1;7;-44;-34;-10;-7;-2;-33;-45;-41;-47;-10;-36;-73;-57;-77;-35;-33
2/14/21;-30.5;-17;-11.5;-9;-15;51;-11;8;-6;-30;-35;-11;-8;-6;-36;-42;-41;-48;-11;-37;-61;-53;-72;-29;-26
2/15/21;-30.5;-17;-11.5;-9;-16;51;-13;7;-7;-30;-35;-11;-8;-6;-36;-31;-33;-44;-10;-36;-70;-53;-73;-30;-27
2/16/21;-29.5;-17;-11.5;-8;-15;50;-13;6;-7;-30;-36;-12;-9;-7;-37;-30;-32;-44;-10;-36;-70;-54;-73;-31;-28
2/17/21;-28.5;-14;-8.5;-6;-13;51;-11;7;-7;-21;-36;-12;-10;-7;-37;-31;-30;-42;-9;-34;-67;-50;-69;-27;-26
2/18/21;-28.5;-14;-9.5;-7;-14;53;-9;8;-6;-29;-37;-12;-10;-7;-37;-29;-32;-44;-9;-36;-67;-51;-70;-27;-28
2/19/21;-29.5;-15;-10.5;-8;-15;51;-12;7;-7;-31;-34;-10;-11;-8;-35;-30;-32;-44;-10;-36;-69;-52;-72;-29;-30
2/20/21;-29.5;-15;-10.5;-8;-15;50;-13;6;-8;-33;-33;-9;0;-7;-34;-31;-33;-44;-10;-36;-69;-52;-73;-30;-29
2/21/21;-26.5;-9;-4.5;0;-8;49;-14;4;-11;-33;-34;-11;-11;-8;-35;-29;-31;-43;-9;-34;-69;-49;-68;-23;-30
2/22/21;-27.5;-11;-6.5;1;-7;53;-9;9;-7;-29;-35;-11;-10;-8;-36;-28;-30;-42;-8;-33;-63;-45;-53;-21;-27
2/23/21;-29.5;-13;-8.5;-1;-8;51;-10;7;-9;-30;-38;-14;-11;-10;-39;-29;-30;-42;-8;-33;-63;-47;-55;-20;-28
2/24/21;-29.5;-13;-9.5;-2;-8;51;-12;6;-8;-31;-38;-15;-11;-10;-39;-29;-30;-42;-9;-34;-66;-49;-56;-24;-29
2/25/21;-30.5;-14;-10.5;-2;-9;50;-13;6;-9;-32;-39;-14;-22;-20;-39;-30;-31;-43;-10;-34;-66;-39;-55;-24;-32
2/26/21;-30.5;-15;-10.5;-4;-11;49;-15;4;-10;-33;-35;-11;-22;-18;-37;-30;-31;-44;-11;-35;-67;-40;-56;-25;-30
2/27/21;-30.5;-15;-11.5;-6;-13;49;-15;3;-10;-34;-38;-14;-23;-20;-40;-31;-32;-44;-11;-35;-68;-52;-70;-30;-29
2/28/21;-30.5;-16;-11.5;-7;-14;48;-17;3;-11;-35;-40;-7;-29;-28;-34;-31;-32;-44;-10;-34;-63;-48;-67;-21;-23
3/1/21;-29.5;-15;-11.5;-7;-13;53;-12;7;-8;-31;-41;-7;-30;-28;-36;-24;-29;-40;-8;-32;-61;-44;-63;-17;-22
3/2/21;-30.5;-15;-10.5;-5;-11;52;-13;6;-8;-32;-40;-7;-29;-28;-35;-26;-29;-40;-8;-32;-45;-41;-60;-17;-22
3/3/21;-30.5;-16;-11.5;-6;-11;48;-18;1;-12;-33;-41;-8;-30;-29;-36;-22;-27;-38;-7;-31;-32;-41;-62;-21;-21
3/4/21;-31.5;-16;-11.5;-7;-13;47;-19;1;-12;-35;-40;-8;-29;-28;-35;-22;-27;-39;-8;-32;-33;-43;-64;-23;-19
3/5/21;-31.5;-17;-12.5;-8;-10;48;-17;2;-11;-34;-41;-10;-30;-30;-37;-23;-28;-41;-9;-34;-36;-48;-61;-25;-19
3/6/21;-28.5;-14;-0.5;-1;-4;48;-17;0;-12;-35;-42;-11;-30;-31;-35;-25;-29;-42;-9;-34;-34;-47;-69;-24;-17
3/7/21;-26.5;-9;2.5;1;-2;58;2;12;-3;-27;-38;-5;-29;-26;-34;-16;-21;-33;0;-27;-33;-29;-50;-17;-14
3/8/21;-24.5;-8;3.5;0;-1;58;3;13;-3;-28;-39;-6;-29;-27;-34;-20;-23;-36;-2;-30;-43;-33;-50;-8;-9
3/9/21;-23.5;-8;-0.5;0;-3;58;3;12;-4;-29;-39;-7;-29;-28;-35;-20;-34;-37;-3;-31;-47;-35;-49;-11;-11
3/10/21;-25.5;-9;-3.5;0;-4;57;1;11;-5;-30;-40;-8;-29;-29;-35;-19;-34;-37;-3;-32;-48;-36;-48;-12;-12
3/11/21;-23.5;-11;-5.5;0;-5;55;-7;8;-19;-31;-41;-8;-30;-30;-35;-21;-35;-38;-3;-32;-49;-37;-49;-13;-12
3/12/21;-26.5;-12;-6.5;0;-6;54;-8;7;-21;-31;-40;-9;-29;-30;-34;-21;-35;-38;-4;-33;-52;-40;-52;-25;-16
3/13/21;-28.5;-13;-7.5;-1;-7;52;-9;5;-22;-32;-38;-9;-29;-29;-32;-22;-36;-39;-4;-33;-53;-41;-53;-26;-16
3/14/21;-28.5;-14;-7.5;-4;-8;57;-5;8;-9;-28;-38;-14;-41;-29;-31;-24;-38;-41;-3;-34;-54;-45;-65;-27;-17
3/15/21;-29.5;-15;-8.5;-1;-9;56;1;11;-4;-28;-42;-11;-27;-31;-37;-23;-34;-40;-5;-33;-55;-46;-66;-28;-18
3/16/21;-29.5;-15;-10.5;-2;-9;55;-5;9;-6;-28;-41;-10;-27;-30;-36;-22;-32;-39;-5;-33;-54;-47;-67;-24;-18
3/17/21;-29.5;-12;-7.5;-1;-7;55;-6;10;-1;-29;-42;-10;-32;-31;-39;-22;-27;-39;-5;-33;-55;-48;-67;-25;-25
3/18/21;-27.5;-10;-2.5;0;-6;55;-9;8;-6;-29;-42;-10;-32;-31;-39;-24;-29;-41;-8;-35;-55;-47;-67;-25;-25
3/19/21;-28.5;-11;-2.5;1;-6;54;-11;8;-7;-30;-41;-9;-30;-30;-37;-23;-28;-40;-7;-34;-54;-46;-65;-23;-23
3/20/21;-28.5;-12;-4.5;0;-6;52;-12;6;-8;-33;-41;-8;-29;-29;-36;-23;-28;-40;-7;-34;-53;-45;-66;-23;-24
3/21/21;-29.5;-13;-6.5;-2;-7;55;-2;11;-5;-28;-42;-10;-31;-31;-37;-21;-26;-38;-5;-32;-54;-46;-66;-25;-26
3/22/21;-29.5;-14;-8.5;-2;-8;55;-4;10;-6;-29;-39;-6;-30;-30;-35;-21;-26;-38;-5;-32;-55;-48;-68;-27;-27
3/23/21;-28.5;-11;-5.5;-1;-6;59;3;13;-2;-25;-38;-5;-29;-30;-34;-22;-27;-39;-6;-33;-52;-43;-62;-19;-20
3/24/21;-29.5;-10;-3.5;1;-5;57;4;11;-3;-27;-36;-3;-27;-23;-30;-21;-26;-38;-5;-32;-51;-42;-61;-18;-19
3/25/21;-26.5;-5;0.5;0;-2;60;3;16;1;-23;-33;-1;-25;-21;-27;-19;-25;-37;-3;-31;-52;-44;-62;-18;-19
3/26/21;-27.5;-6;0.5;0;-3;58;2;14;-2;-25;-33;1;-23;-19;-27;-19;-25;-37;-3;-32;-49;-41;-59;-17;-16
3/27/21;-29.5;-12;-5.5;0;-6;58;0;12;-3;-26;-32;2;-22;-19;-27;-18;-22;-34;0;-30;-51;-42;-62;-19;-20
3/28/21;-30.5;-13;-7.5;-1;-7;58;1;13;-2;-25;-31;2;-22;-18;-26;-19;-23;-35;-1;-31;-52;-44;-63;-21;-22
3/29/21;-30.5;-14;-8.5;-2;-9;60;-2;10;-4;-28;-31;3;-20;-17;-25;-12;-20;-32;2;-28;-53;-46;-65;-23;-25
3/30/21;-29.5;-12;-5.5;-2;-7;55;-3;10;-4;-29;-26;8;-15;-12;-20;-9;-17;-29;4;-26;-52;-43;-62;-18;-19
3/31/21;-27.5;-10;-2.5;1;-5;55;-4;10;-7;-29;-22;12;-11;-7;-12;-4;-13;-14;7;-23;-43;-33;-50;-9;-11
4/1/21;-23;-9;-4;0;-4;63;3;23;4;-21;-19;15;-11;-8;-6;-7;-16;-17;4;-25;-42;-31;-41;-6;-7
4/2/21;-24;-10;-5;0;-4;62;-2;22;2;-23;-22;12;-14;-10;-10;-9;-18;-18;3;-26;-42;-32;-42;-8;-8
4/3/21;-25;-12;-7;-1;-6;60;-5;0;0;-24;-18;13;-13;-9;-9;-10;-19;-19;2;-27;-43;-32;-43;-8;-8
4/4/21;-26;-14;-9;-2;-8;59;-6;20;-1;-26;-20;11;-15;-11;-10;-11;-20;-20;2;-28;-43;-32;-44;-9;-9
4/5/21;-26;-15;-10;-3;-9;58;-8;18;-1;-27;-24;10;-13;-8;-14;-12;-21;-20;0;-29;-50;-39;-53;-17;-20
4/6/21;-29;-15;-11;-4;-10;57;-10;16;-3;-28;-26;8;-19;-16;-13;-16;-19;-31;4;-21;-51;-42;-54;-16;-21
4/7/21;-31;-18;-12;-6;-8;57;-10;16;-3;-29;-26;8;-19;-16;-14;-16;-19;-31;4;-20;-52;-44;-56;-18;-24
4/8/21;-33;-17;-15;-7;-12;59;-5;19;-1;-26;-23;11;-15;-12;-11;-16;-19;-31;5;-20;-48;-39;-51;-14;-19
4/9/21;NA;NA;NA;NA;NA;60;-7;21;1;-4;NA;NA;NA;NA;NA;NA;NA;NA;NA;NA;NA;NA;NA;NA;NA
4/10/21;NA;NA;NA;NA;NA;60;-7;23;4;-3;NA;NA;NA;NA;NA;NA;NA;NA;NA;NA;NA;NA;NA;NA;NA
4/11/21;NA;NA;NA;NA;NA;61;-7;22;3;-2;NA;NA;NA;NA;NA;NA;NA;NA;NA;NA;NA;NA;NA;NA;NA
4/12/21;NA;NA;NA;NA;NA;60;-5;21;6;-2;NA;NA;NA;NA;NA;NA;NA;NA;NA;NA;NA;NA;NA;NA;NA
4/13/21;-23;-14;-8;-5;-6;62;-6;26;5;0;-21;12;-14;-11;-11;-15;-18;-33;4;-19;-44;-39;-50;-12;-21
4/14/21;-20;-9;-11;-4;-9;63;-5;24;6;2;-20;14;-13;-13;-9;-16;-15;-32;7;-17;-45;-37;-45;-10;-18
4/15/21;-15;-8;-7;-2;-5;62;-6;21;0;-27;-20;13;-15;-9;-9;-14;-17;-31;4;-18;-41;-32;-42;-7;-8
4/16/21;-9;-7;-4;0;-3;63;-11;22;0;-24;-18;14;-13;-7;-8;-14;-19;-33;2;-19;-44;-34;-45;-4;-10
4/17/21;-8;-6;-3;1;-2;62;-11;21;-2;-28;-17;15;-14;-5;-6;-15;-20;-34;2;-20;-45;-35;-46;-5;-11
4/18/21;-10;-7;-3;1;-3;62;-3;23;3;-16;-18;14;-15;-6;-5;-16;-21;-35;1;-21;-49;-31;-47;-5;-10
4/19/21;-12;-8;-4;0;-4;62;-3;21;1;-23;NA;NA;NA;NA;NA;-17;-22;-36;0;-22;-45;-32;-48;-6;-11
4/20/21;-13;-9;-5;-1;5;62;-4;21;21;-25;NA;NA;NA;NA;NA;NA;NA;NA;NA;NA;-48;-39;-51;-12;-17
4/21/21;-15;-11;-7;-1;-5;66;8;28;7;-16;-16;15;-13;-4;-4;-18;-23;-37;-1;-23;-50;-39;-53;-17;-18
4/22/21;-18;-13;-9;-1;-5;64;6;25;5;-19;-17;14;-14;-5;-5;-19;-24;-38;0;-24;-51;-44;-54;-18;-16
4/23/21;-21;-13;-10;-1;-5;67;8;29;11;-13;-14;20;-5;-3;-3;-16;-20;-36;2;-21;-42;-33;-43;-7;-7
4/24/21;-24;-15;-12;-2;-7;64;5;25;6;-16;-12;21;-3;0;-1;-16;-20;-37;2;-22;-42;-34;-44;-8;-10
4/25/21;-25;-16;-13;-2;-8;61;7;23;4;-19;-15;18;-5;-6;-5;-17;-21;-38;0;-23;-45;-36;-48;-11;-12
4/26/21;-25;-15;-11;-2;-8;61;-4;21;2;-21;-16;17;-7;-5;-6;-17;-21;-39;0;-23;-47;-38;-49;-13;-15
4/27/21;-27;-16;-12;-4;-10;59;-6;20;1;-22;-15;17;-6;-4;-5;-18;-20;-39;1;-22;-49;-40;-51;-14;-14
4/28/21;-29;-16;-13;-5;-11;58;-9;18;0;-24;-17;15;-9;-6;-8;-15;-21;-40;1;-23;-49;-41;-52;-21;-25
4/29/21;-30;-16;-14;-7;-12;57;-10;17;-2;-25;-19;14;-9;-7;-8;-19;-23;-42;0;-24;-52;-42;-54;-17;-25
4/30/21;-20;-3;-2;1;-4;60;-6;23;5;-19;-23;10;-16;-13;-12;-24;-25;-42;0;-24;-43;-33;-44;-8;-10
5/1/21;-26;-12;-8;0;-6;53;-8;7;-7;-16;-23;8;-18;-16;-15;-26;-27;-39;2;-19;-38;-33;-44;-8;-9
5/2/21;NA;NA;NA;NA;NA;52;-10;4;-6;-17;-23;7;-19;-15;-16;-26;-27;-39;2;-20;-40;-36;-47;-11;-11
5/3/21;NA;NA;NA;NA;NA;51;-10;2;-8;-19;-24;7;-20;-16;-16;-27;-28;-40;2;-20;-40;-36;-46;-10;-10
5/4/21;NA;NA;NA;NA;NA;50;-12;0;-9;-21;-25;7;-21;-16;-16;-28;-29;-41;0;-21;-40;-36;-45;-9;-10
5/5/21;-17;-14;-10;-2;-8;60;3;13;1;-12;-27;5;-22;-17;-18;-29;-30;-41;0;-22;-40;-35;-43;-7;-6
5/6/21;-19;-15;-11;-3;-9;59;-1;11;-7;-13;-27;6;-20;-16;-17;-28;-29;-40;0;-21;-47;-40;-51;-13;-14
5/7/21;-17;-13;-10;-1;-8;58;-1;11;-2;-13;-28;5;-23;-16;-18;-30;-31;-42;-1;-23;-42;-34;-44;-17;-8
5/8/21;-22;-15;-11;-1;-9;58;-3;9;-3;-14;-28;6;-21;-16;-17;-30;-31;-42;-1;-23;-42;-35;-44;-9;-8
5/9/21;-26;-15;-12;-1;-9;55;-4;8;-5;-17;-29;4;-23;-28;-18;-31;-32;-42;-2;-24;-45;-39;-48;-11;-11
5/10/21;-27;-15;-11;-1;-9;55;-5;7;-5;-18;-29;2;-25;-20;-20;-31;-32;-42;-2;-24;-47;-41;-50;-11;-13
5/11/21;-31;-16;-12;-3;-11;53;-8;5;-7;-18;-28;3;-24;-19;-19;-32;-33;-43;-3;-25;-50;-42;-54;-18;-20
5/12/21;-32;-17;-12;-5;-13;53;-8;7;-5;-16;-29;0;-27;-23;-21;-32;-33;-43;-3;-25;-52;-44;-55;-19;-19
5/13/21;-15;-9;-5;3;-5;52;-9;4;-7;-19;-27;-1;-28;-24;-21;-30;-31;-41;0;-24;-51;-43;-54;-18;-18
5/14/21;-15;-9;-5;2;-6;52;-9;6;-6;-17;-28;1;-20;-20;-20;-30;-31;-41;0;-24;-52;-42;-55;-19;-19
5/15/21;-17;-9;-5;3;-5;58;-2;9;-3;-16;-27;5;-22;-22;-20;-31;-32;-42;-1;-25;-52;-44;-56;-19;-19
5/16/21;-21;-11;-8;3;-4;58;-4;8;-5;-17;-28;4;-23;-22;-20;-30;-31;-41;0;-24;-52;-44;-56;-19;-19
5/17/21;-24;-11;-8;3;-4;53;-6;6;-6;-19;-27;4;-22;-22;-18;-19;-22;-32;8;-16;-52;-44;-57;-20;-20
5/18/21;5;6;4;5;-2;67;16;22;10;-4;-24;7;-18;-20;-14;-11;-15;-26;13;-10;-52;-42;-55;-18;-19
5/19/21;17;15;4;3;4;69;19;27;15;-2;-27;3;-24;-21;-18;-11;-15;-26;13;-10;-51;-41;-56;-19;-19
5/20/21;11;9;-1;2;1;68;17;25;4;-1;-29;2;-25;-21;-17;-12;-16;-27;12;-11;-44;-36;-46;-10;-11
5/21/21;8;7;-2;2;0;67;15;21;7;-10;-29;1;-25;-20;-17;-13;-17;-28;11;-12;-46;-37;-48;-12;-14
5/22/21;-1;-1;-3;1;-1;64;12;19;7;-8;-29;1;-26;-20;-18;-12;-16;-27;12;-12;-44;-34;-44;-8;-8
5/23/21;-8;-7;-6;1;-2;63;10;17;5;-10;-30;0;-26;-21;-18;-13;-17;-28;11;-13;-44;-35;-45;-9;-9
5/24/21;-11;-8;-7;1;-3;60;7;15;2;-11;-31;-1;-26;-21;-22;-14;-18;-29;10;-14;-44;-35;-46;-10;-10
5/25/21;-16;-10;-8;0;-4;59;5;13;1;-13;-33;-2;-28;-23;-24;-14;-18;-29;10;-14;-47;-39;-50;-14;-17
5/26/21;-22;-13;-9;0;-6;57;3;11;-3;-15;-34;-3;-29;-26;-24;-15;-19;-30;9;-15;-49;-41;-52;-16;-19
5/27/21;-27;-15;-10;0;-6;57;-2;9;-3;-17;-35;-4;-30;-26;-25;-16;-20;-31;8;-16;-50;-42;-53;-17;-20
5/28/21;-30;-15;-10;-1;-8;54;-4;9;-4;-17;-35;-4;-30;-27;-25;-18;-22;-33;6;-18;-50;-42;-53;-18;-21
5/29/21;-32;-16;-11;-2;-10;57;2;12;0;-11;-34;-3;-29;-27;-25;-18;-22;-33;5;-18;-47;-38;-51;-12;-15
5/30/21;-30;-15;-11;0;-7;55;-4;9;0;-14;-34;-3;-29;-27;-26;-19;-23;-34;5;-19;-48;-40;-51;-17;-20
5/31/21;-31;-15.5;-12;1;-7;53;43;7;-5;-16;-35;-4;-30;-28;-27;-19;-23;-34;5;-19;-50;-41;-53;-17;-6
6/1/21;-32;-16;-11;-1;-9;52;-9;5;-6;-18;-4;-30;-28;-27;-27;-19;-23;-35;4;-21;-52;-43;-55;-19;-8
6/2/21;-32;-16;-11;0;-8;51;-11;-7;-7;-19;-37;-23;-30;-28;-30;-23;-22;-38;-4;-26;-53;-44;-56;-19;-9
6/3/21;-31;-16;-11;0;-8;50;-11;2;-8;-20;-38;-24;-31;-20;-31;-19;-24;-38;-5;-26;-54;-46;-58;-21;-10
6/4/21;-31;-16;-12;-3;-9;49;-12;0;-10;-22;-37;-24;-31;-29;-31;-5;-28;-39;-5;-27;-56;-47;-59;-23;-13
6/5/21;-32;-17;-13;-3;-10;47;-15;-1;-11;-24;-38;-25;-32;-30;-32;-6;-29;-40;-6;-28;-57;-48;-61;-24;-22
6/6/21;-32;-17;-13;-3;-12;47;-16;-3;-13;-25;-38;-25;-32;-31;-32;-26;-29;-39;-6;-30;-59;-49;-61;-25;-23
6/7/21;-33;-17;-13;-3;-12;46;-21;-4;-10;-28;-39;-26;-33;-31;-32;-26;-29;-40;-7;-30;-59;-50;-63;-26;-25
6/8/21;-27;-13;-10;-1;-8;46;-17;-2;-5;-26;-38;-24;-32;-30;-30;-24;-27;-38;-6;-29;-55;-45;-57;-21;-19
6/9/21;-28;-13;-11;-1;-9;46;-17;-3;-5;-27;-39;-27;-33;-31;-31;-27;-28;-39;-7;-31;-55;-45;-57;-21;-20
6/10/21;-32;-16;-13;-1;-9;45;-18;-4;-14;-27;-39;-27;-34;-32;-32;-27;-29;-41;-9;-32;-56;-46;-58;-22;-21
6/11/21;-32;-15;-11;-2;-10;45;-18;-4;-14;-29;-39;-28;-35;-34;-33;-27;-29;-41;-10;-32;-57;-47;-59;-23;-22
6/12/21;-33;-16;-12;-3;-11;46;-18;-5;-15;-29;-37;-28;-34;-33;-31;-27;-30;-41;-9;-31;-58;-49;-61;-25;-24
6/13/21;-33;-18;-13;-5;-12;44;-19;-5;-16;-30;-40;-29;-34;-34;-32;-27;-30;-41;-9;-30;-59;-50;-62;-26;-25
6/14/21;-33;-18;-13;-6;-13;44;-19;-6;-16;-31;-39;-30;-33;-34;-31;-27;-30;-41;-10;-29;-60;-51;-64;-28;-27
6/15/21;-14;2;2;2;-7;47;-16;-3;-14;-29;-29;-23;-23;-16;-25;-26;-29;-40;-8;-29;-61;-51;-65;-29;-28
6/16/21;-28;-8;-4;2;-4;48;-14;-1;-12;-28;-34;-21;-29;-31;-30;-26;-29;-40;-8;-29;-60;-51;-65;-29;-28
6/17/21;-30;-10;-7;1;-3;47;-15;-1;-13;-28;-34;-22;-30;-32;-30;-27;-29;-41;-8;-32;-60;-52;-65;-29;-28
6/18/21;-31;-11;-8;1;-4;48;-14;-1;-13;-28;-32;-21;-27;-31;-20;-24;-26;-37;-3;-28;-71;-39;-53;-14;-14
6/19/21;-32;-12;-9;0;-5;49;-17;-4;-15;-30;-34;-21;-24;-30;-18;-23;-27;-37;-4;-29;-51;-41;-54;-17;-18
6/20/21;-32;-14;-10;-1;-7;46;-17;-4;-15;-32;-35;-22;-31;-28;-29;-23;-26;-38;-5;-29;-53;-43;-55;-19;-14
6/21/21;-34;-15;-11;-1;-8;45;-18;-4;-15;-32;-36;-23;-32;-28;-30;-23;-28;-39;-6;-29;-54;-45;-57;-21;-16
6/22/21;-36;-16;-12;-2;-9;44;-18;-6;-17;-33;-37;-24;-33;-29;-32;-23;-28;-39;-8;-28;-56;-47;-59;-22;-23
6/23/21;-37;-17;-12;-2;-10;44;-19;-6;-17;-33;-37;-24;-32;-28;-30;-24;-29;-39;-9;-29;-55;-48;-61;-25;-24
6/24/21;-38;-17;-12;-3;-11;43;-20;-7;-18;-33;-37;-24;-33;-29;-31;-26;-29;-40;-8;-30;-60;-51;-65;-28;-26
6/25/21;-38;-17;-12;-3;-12;42;-20;-7;-18;-33;-39;-25;-34;-30;-32;-27;-30;-41;-9;-30;-61;-53;-65;-29;-28
6/26/21;-34;-17;-12;-7;-14;41;-21;-8;-19;-35;-40;-26;-35;-31;-33;-27;-30;-41;-8;-32;-62;-54;-66;-30;-29
6/27/21;-31;-12;-8;1;-6;43;-19;-6;-17;-33;-38;-25;-33;-30;-31;-26;-29;-39;-7;-32;-58;-49;-60;-23;-22
6/28/21;-32;-13;-9;0;-7;45;-17;-7;-18;-34;-39;-26;-35;-31;-33;-26;-29;-40;-8;-32;-57;-47;-60;-24;-23
6/29/21;-31;-11;-8;0;-5;43;-18;-4;-14;-29;-37;-25;-34;-30;-30;-27;-29;-41;-8;-32;-57;-48;-50;-24;-22
6/30/21;-21;-9;-5;1;-4;51;-11;3;-9;-23;-38;-25;-34;-31;-32;-26;-30;-41;-8;-32;-51;-48;-53;-16;-15
7/1/21;-24;-10;-7;0;-3;47;8;4;-9;-22;-38;-25;-33;-31;-32;-27;-29;-41;-9;-33;-51;-42;-54;-18;-17
7/2/21;-29;-12;-9;0;-3;47;-15;-2;-13;-31;-38;-26;-34;-32;-33;-27;-29;-42;-9;-34;-53;-44;-56;-20;-19
7/3/21;-30;-12;-9;-1;-5;42;-17;-4;-14;-44;-41;-10;-29;-29;-30;-28;-29;-40;-8;-31;-55;-39;-57;-21;-19
7/4/21;-32;-14;-9;-2;-6;41;-18;-4;-15;-45;-42;-11;-30;-30;-31;-29;-29;-40;-8;-31;-56;-41;-58;-22;-20
7/5/21;-31;-13;-9;-1;-6;41;-17;-4;-13;-44;-40;-10;-28;-28;-29;-28;-30;-41;-9;-32;-53;-37;-46;-19;-16
7/6/21;-32;-15;-11;-2;-6;40;-18;-5;-15;-46;-40;-10;-29;-29;-29;-28;-29;-40;-9;-32;-54;-48;-56;-20;-18
7/7/21;-33;-16;-11;-3;-8;40;-19;-6;-15;-46;-41;-11;-29;-30;-30;-27;-28;-38;-7;-31;-55;-42;-53;-22;-20
7/8/21;-35;-17;-12;-3;-9;39;-20;-7;-17;-48;-41;-11;-30;-31;-30;-27;-28;-39;-6;-31;-57;-42;-60;-24;-20
7/9/21;-36;-17;-12;-4;-9;39;-20;-7;-17;-49;-41;-12;-28;-29;-30;-29;-28;-39;-7;-31;-57;-43;-61;-24;-23
7/10/21;-36;-17;-13;-4;-10;44;-20;-7;-18;-50;-43;-13;-29;-30;-30;-30;-29;-42;-9;-32;-58;-45;-59;-25;-24
7/11/21;-33;-16;-11;-5;-11;39;-20;-7;-26;-51;-43;-13;-27;-28;-28;-29;-28;-39;-7;-31;-58;-43;-59;-26;-24
7/12/21;-34;-17;-12;-6;-12;38;-21;-8;-18;-51;-43;-13;-29;-30;-30;-29;-28;-40;-8;-31;-59;-45;-63;-27;-25
7/13/21;-28;-7;-5;-1;-2;43;-16;-3;-13;-45;-33;-1;-13;-17;-18;-17;-19;-30;4;-19;-48;-36;-52;-18;-16
7/14/21;-30;-10;-7;-1;-4;42;-17;-4;-15;-46;-40;-8;-28;-27;-28;-19;-20;-31;3;-20;-50;-35;-53;-17;-16
7/15/21;-32;-13;-10;-1;-5;41;-17;-5;-15;-47;-31;0;-20;-18;-19;-19;-21;-32;1;-21;-52;-37;-55;-19;-18
7/16/21;-32;-13;-10;-1;-6;40;-19;-6;-17;-49;-31;0;-21;-19;-21;-20;-22;-33;0;-22;-54;-39;-56;-21;-20
7/17/21;-32;-15;-10;-2;-7;39;-19;-7;-17;-49;-31;0;-21;-20;-21;-21;-23;-34;-1;-23;-56;-42;-60;-23;-22
7/18/21;-34;-14;-10;-2;-7;39;-21;-7;-18;-51;-31;0;-24;-22;-22;-21;-23;-34;-1;-24;-57;-43;-53;-24;-23
7/19/21;-36;-15;-11;-3;-8;38;-20;-8;-19;-51;-30;0;-26;-25;-20;-20;-26;-37;-3;-28;-57;-44;-63;-29;-25
7/20/21;-37;-16;-11;-3;-9;37;-21;-9;-20;-52;-30;-6;-26;-24;-19;-21;-27;-38;-4;-29;-57;-45;-65;-30;-26
7/21/21;-38;-16;-11;-4;-10;37;-21;-9;-21;-53;-30;-7;-27;-26;-19;-22;-28;-39;-4;-29;-58;-45.4;-66;-30;-26.4
7/22/21;-38;-16;-11;-4;-11;36;-22;-9;-23;-54;-30;-7;-27;-26;-19;-20;-26;-37;-3;-27;-58;-45;-65;-28;-25
7/23/21;-32;-16;-11;-5;-9;35;-23;-10;-21;-54;-31;-8;-28;-27;-20;-24;-28;-38;-3;-27;-59;-46;-65;-30;-28
7/24/21;-31;-10;-8;-2;-6;48;-10;0;-11;-44;-40;-7;-22;-26;-27;-20;-24;-35;-1;-24;-51;-36;-55;-18;-16
7/25/21;-33;-16;-10;-3;-8;45;-8;0;-13;-45;-40;-7;-28;-27;-29;-22;-25;-36;-2;-26;-51;-37;-54;-17;-18
7/26/21;-35;-19;-13;-6;-10;43;-9;-3;-14;-46;-40;-8;-29;-29;-31;-24;-26;-37;-5;-20;-52;-39;-56;-20;-20
7/27/21;-35;-19;-14;-6;-12;41;-12;-5;-15;-48;-40;-8;-30;-31;-32;-24;-27;-37;-7;-29;-54;-41;-59;-23;-26
7/28/21;-36;-20;-15;-7;-13;39;-17;-6;-16;-49;-41;-10;-31;-32;-32;-25;-28;-38;-7;-30;-62;-42;-61;-28;-28
7/29/21;-36;-20;-15;-9;-14;38;-20;-7;-18;-51;-38;-6;-25;-27;-26;-26;-28;-39;-10;-30;-57;-44;-63;-27;-26
7/30/21;-36;-21;-15;-11;-16;37;-21;-8;-20;-51;-38;-7;-25;-29;-27;-27;-29;-40;-11;-30;-57;-45;-64;-28;-27
7/31/21;-37;-22;-16;-12;-17;36;-22;-9;-20;-53;-36;-13;-31;-32;-23;-28;-29;-41;-12;-31;-58.3;-45.4;-64;-29.3;-28.1
8/1/21;-37;-21;-16;-14;-19;35;-22;-10;-20;-54;-38;-15;-32;-34;-25;-29;-32;-41;-10;-25;-58;-37;-66;-31;-26
8/2/21;-36;-19;-15;-11;-17;32;-22;-10;-21;-56;-41;-17;-32;-35;-25;-24;-26;-36;-8;-32;-55.1;-43;-61;-25;-30.3
8/3/21;-36;-19;-15;-13;-18;32;-22;-11;-22;-56;-41;-17;-31;-36;-25;-25;-27;-37;-9;-33;-56.3;-43.4;-61.2;-29;-31
8/4/21;-41;-14;-11;-6;-13;32;-23;-12;-22;-57;-35;-3;-20;-21;-21;-23;-26;-35;-7;-30;-51;-37.2;-53;-16;-22
8/5/21;-28;-9;-6;2;-4;33;-22;-12;-23;-50;-30;1;-16;-16;-15;-22;-24;-36;-8;-30;-44;-34;-51;-16;-32
8/6/21;-30;-12;-8;0;-6;34;-22;-11;-23;-59;-30;1;-17;-17;-16;-25;-26;-38;-9;-30;-49.2;-36.1;-52;-15.2;-21.1
8/7/21;-31;-13;-9;-2;-8;33;-22;-11;-23;-59;-31;0;-18;-18;-17;-26;-27;-39;-9;-31;-51;-37;-54.2;-18;-25
8/8/21;-31;-13;-10;-2;-8;33;-22;-12;-23;-59;-31;-1;-19;-19;-17;-27;-29;-40;-11;-32;-52;-38.2;-55.3;-29.3;-26
8/9/21;-31;-14;-10;-4;-9;32;-23;-12;-24;-60;-30;0;-19;-19;-16;-26;-28;-39;-10;-31;-48;-33;-49;-12;-31
8/10/21;-31;-14;-10;-3;-10;32;-22;-12;-23;-59;-31;-1;-19;-19;-17;-26;-27;-39;-11;-31;-48.3;-33.2;-49.3;-19;-32
8/11/21;-32;-14;-11;-5;-12;32;-23;-12;-24;-60;-31;-1;-19;-18;-15;-25;-28;-38;-11;-30;-50;-36;-53;-16;-22
8/12/21;-32;-14;-12;-7;-13;32;-23;-12;-24;-60;-31;-1;-18;-19;-16;-26;-28;-39;-12;-31;-51;-38;-55;-19;-25
8/13/21;-32;-14;-11;-7;-14;31;-23;-13;-24;-61;-31;-1;-19;-20;-18;-27;-29;-39;-13;-32;-53;-39;-56;-21;-27
8/14/21;-32;-14;-11;-6;-13;38;-16;-6;-18;-53;-39;-7;-26;-27;-22;-24;-26;-36;-9;-30;-48;-33;-48;-13;-18
8/15/21;-29;-11;-8;-4;-3;39;-16;-4;-16;-50;-39;-6;-24;-26;-21;-24;-27;-35;-9;-29;-47;-32;-48;-12;-19
8/16/21;-24;-8;-5;3;-2;38;-16;-5;-15;-49;-38;-5;-22;-24;-19;-21;-23;-34;-4;-26;-44;-26;-41;-6;-13
8/17/21;-21;-6;-4;5;-1;40;-15;-3;-13;-46;-39;-6;-21;-23;-17;-22;-23;-34;-5;-26;-42.2;-25.3;-39.4;-5;-11
8/18/21;-15;-4;-1;5;0;41;-16;-1;-16;-46;-38;-8;-19;-21;-17;-21;-22;-34;-4;-26;-41;-25;-38;-4;-11
8/19/21;-11;-3;-0.5;5;2;43;-12;0;-10;-43;-37;-8;-19;-20;-15;-21;-23;-34;-3;-26;-40;-23;-35;-2;-9
8/20/21;-2;5;4;6;8;49;-5;9;-2;-33;-36;-6;-17;-19;-14;-10;-23;-34;-4;-26;-37;-20;-31;1.6;-4
8/21/21;9;12;5;10;11;54;1;11;-1;-33;-32;0;-17;-19;-18;-10;-22;-32;-2;-25;-35.3;-18;-28;2.8;-23.3
8/22/21;4;8;2;6;5;51;-1;11;-2;-35;-32;-1;-17;-19;-18;-10;-22;-33;-3;-25;-38.3;-21.2;-33;-0.2;-22
8/23/21;0;3;0;5;4;56;11;17;7;-27;-31;1;-17;-18;-17;-20;-23;-33;-3;-25;-42;-25;-37;-3;-9
8/24/21;4;6;-1;4;3;57;-5;22;18;-24;-29;3;-15;-15;-15;-20;-22;-32;-1;-24;-36;-20;-30;1;-6
8/25/21;0;5;-2;4;2;58;-8;20;8;-27;-30;2;-16;-16;-16;-21;-23;-33;-2;-25;-40.2;-22;-34;-2;-8
8/26/21;-4;2;-3;4;1;56;10;18;5;-29;-29;2;-17;-17;-14;-22;-26;-34;-1;-26;-43;-26;-38.5;-5;-9
8/27/21;-7;-2;-5;3;0;53;7;22;2;-32;-31;0;-17;-18;-16;-24;-29;65;-4;-28;-47;-29;-44;-3.2;-11.2
8/28/21;-10;-5;-5;3;-1;51;0;11;0;-33;-31;0;-18;-19;-17;-24;-29;-37;-5;-28;-48;-31;-46;-10.3;-16
8/29/21;-11;-6;-11;4;0;48;-4;9;-4;-35;-35;-4;-21;-22;-21;-25;-30;-36;-4;-27;-49;-33;-48;-11;-19
8/30/21;-8;-5;-11;4;1;51;-1;10;-2;-34;-34;-2;-20;-21;-19;-24;-29;-36;-3;-27;-49.4;-34;-49;-13;-18
8/31/21;-15;-5;-2;2;1;51;-1;11;-2;18;-25;8;-9;-11;-12;-21;-26;-34;-1;-25;-49;-32;-47;-11;-16.3
9/1/21;-16.5;-4.5;-1.5;5;2;53;4;13;0;-31;-24;9;-8;-11;-4;-18;-23;-31;3;-23;-47;-30;-44;-8;-14
9/2/21;-18;-5;-2;5;2;51;5;11;-2;-33;-26;7;-10;-11;-12;-16;-18;-30;5;-22;-47;-30;-45;-8;-15
9/3/21;-19;-6;-3;4.5;0;51;-1;11;-1;-33;-26;6;-11;-13;-14;-17;-18;-30;3;-22;-47.2;-31;-45.4;-10;-16
9/4/21;-24;-12;-8;0;-5;48;-6;10;-5;-16;-27;7;-10;-11;-9;-17;-17;-32;3;-23;-46;-28.2;-39.4;-5;-5
9/5/21;-26;-13.5;-9.5;-0.5;-5;48;-6;8;-6;-16;-28;5;-13;-13;-12;-19;-19;-34;1;-21;-50;-30;-42;-6.9;-7
9/6/21;-28;-15;-10;-1;-6;46;-8;7;-7;-18;-28;5;-14;-14;-12;-20;-21;-33;0;-22;-45;-29;-41.2;-6.7;-6.1
9/7/21;-23;-9;-5;1;-2;48;-8;7;-6;-17;-28;4;-14;-14;-13;-20;-22;-34;-1;-23;-42;-24;-34;-0.7;-2.1
9/8/21;-24;-10;-5;0;-3;55;-9;6;-7;-18;-27;3;-12;-15;-13;-19;-22;-35;-1;-24;-44;-26;-37;-3.7;-4.3
9/9/21;-26;-12;-7;0;-3;-2;-10;5;-8;-19;-31;1;-16;-17;-17;-20;-23;-35;-2;-24;-46;-28;-24;-6;-9.3
9/10/21;-28.5;-14.5;-8.5;-0.5;-4.5;43;-12;3;-9;-20;-32;0;-17;-18;-17;-20;-23;-36;-3;-25;-50;-32;-43;-8.9;-10.2
9/11/21;-31;-16;-11;-1;-6;42;-13;2;-11;-22;-33;-1;-18;-19;-18;-21;-24;-37;-4;-26;-50;-34;-47;-11.7;-12
9/12/21;-32;-17;-11.5;-3;-8;41;-14;0;-12;-23;-34;-2;-20;-20;-20;-21;-24;-37;-4;-26;-51;-36;-49;-13.7;-15
9/13/21;-34;-17.5;-12;-4;-9;40;-15;-1;-14;-25;-35;-2;-20;-21;-20;-21;-23;-37;-4;-25;-52.2;-38;-51.2;-14.8;-18.2
9/14/21;-23.5;-10.5;-6;0.5;-3;49;-3;11;-3;-20;-35;-1;-18;-20;-19;-20;-23;-37;-4;-26;-45.2;-25.7;-44;-0.5;-3.6
9/15/21;-26;-12;-8;-2;-5;45;-8;7;-7;-17;-35;-3;-20;-21;-21;-21;-24;62;-5;-27;-45.3;-25.8;-45;-9.7;-3.5
9/16/21;-26.5;-14;-9;-1;-6;44;-11;-3;-9;-19;-36;-4;-21;-22;-22;-23;-26;-40;-6;-28;-50;-35;-47.3;-12.7;-8
9/17/21;-29;-16;-10;-2;-7;43;-13;3;-11;-21;-38;-7;-23;-23;-23;-27;-28;-41;-7;-30;-52;-37;-50;-14.7;-11
9/18/21;-29.5;-16.5;-11;-2.5;-7.5;41;-16;0;-13;-22;-38;-6;-24;-25;-26;-28;-29;-41;-9;-31;-53.2;-39;-53;-16.7;-13.1
9/19/21;-28;-16;-10;-1;-7;39;-16;-2;-13;-24;-36;-4;-22;-24;-25;-29;-29;-41;-10;-33;-54;-40;-53;-17.7;-17
9/20/21;-33;-17;-12;-4;-10;37;-17;-3;-15;-25;-36;-6;-24;-25;-28;-30;-30;-42;-11;-33;-56;-41;-45;-19.7;-16
9/21/21;-34;-18;-23;-6;-11;37;-18;-2;-17;-27;-30;-8;-25;-25;-29;-30;-30;-42;-11;-33;-57;-43.2;-51.9;-21.7;-17
9/22/21;-34;-18;-23;-7;-12;37;-19;-6;-18;-28;-40;-9;-26;-26;-31;-31;-31;-43;-12;-34;-58.2;-44.2;-59.2;-22.8;-20.1
9/23/21;-35;-19;-14;-8;-14;36;-20;-7;-19;-29;-42;-10;-28;-28;-33;-32;-31;-44;-13;-35;-59;-45.1;-60.3;-20.9;-23.1
9/24/21;-28;-10;-5.5;0;-5;40;-15;-1;-13;-28;-44;-10;-27;-28;-30;-28;-27;-39;-8;-31;-54.1;-40.1;-46.7;-17;-16
9/25/21;-30;-14;-10;-2;-8;38;-18;-3;-15;-29;-42;-9;-27;-27;-29;-29;-29;-40;-9;-31;-46;-37.2;-50;-13.7;-15
9/26/21;-32;-15;-10;0;-8;37;-20;-4;-17;-31;-42;-10;-27;-28;-28;-30;-30;-41;-10;-32;-52;-37;-52;-15.7;-17.3
9/27/21;-34;-18;-11;-3;-10;36;-20;-6;-17;-27;-34;-3;-20;-21;-20;-25;-24;-35;-4;-25;-52;-32;-50;-6.7;-17.5
9/28/21;-33;-19;-13;-5;-9;36;-21;-7;-18;-29;-35;-3;-26;-19;-19;-27;-25;-37;-5;-27;-52;-33;-51;-7.7;-17.3
9/29/21;-34;-18;-13;-7;-11;35;-21;-8;-19;-30;-35;-4;-27;-21;-20;-27;-27;-29;-6;-27;-52;-33;-51;-8.7;-17.3
9/30/21;-33;-17;-11;-5;-11;37;-20;-6;-17;-27;-33;-3;-25;-19;-18;-25;-25;-27;-4;-25;-52;-32;-52;-6.7;-17
10/1/21;-34;-17;-12;-6;-11;35;-21;-6;-18;-29;-34;-2;-19;-20;-20;-26;-25;-37;-4;-26;-52.4;-38.1;-51;-15.1;-19
10/2/21;-35;-18;-13;-7;-12;34;-21;-7;-19;-30;-34;-3;-21;-21;-19;-27;-26;-38;-6;-27;-53.3;-39.3;-51.3;-16.7;-17.2
10/3/21;-33;-18;-14;-9;-13.5;34;-22;-8;-20;-31;-34;-5;-22;-23;-21;-28;-27;-39;-7;-27;-55;-41;-54;-19;-20.2
10/4/21;-35;-18;-14;-9;-14;30;-21;-9;-21;-31;-28;3;-21;-17;-5;-27.5;-26;-36;-3;-23;-56.2;-42.9;-55;-19.1;-20.7
10/5/21;-35;-18.5;-14.5;-11;-15;30;-21;-10;-21;-31;-30;2;-21;-15;-16;-27.5;-25;-36;-2;-22;-58;-43.6;-56;-21;-22.4
10/6/21;-33;-16;-12;-8;-15;33;-18;-6;-18;-26;-31;-29;-23;-14;-15;-25.5;-24;-34;0;-20;-56.2;-42.6;-55;-20;-21.3
10/7/21;-35;-18;-13;-11;-16;29;-20;-7;-20;-30;-32;-3;-27;-17;-19;-26.5;-25;-35;0;-21;-56.3;-42.1;-54.2;-12.3;-18.7
10/8/21;-34;-18;-13;-10;-16;30;-22;-9;-21;-32;-33;-1;-24;-19;-19;-27.5;-25;-35;-1;-22;-56;-41.8;-54.3;-19;-19.4
10/9/21;-35;-19;-15;-13;-17;29;-22;-10;-22;-34;-33;-2;-26;-18;-21;-27.5;-26;-37;-4;-23;-56.4;-43.1;-54.4;-20;-20.3
10/10/21;-36;-20;-17;-14;-19;29;-23;-10;-23;-34;-37;-4;-28;-22;-22;-28.5;-26;-37;-4;-24;-58;-43.9;-55.3;-21.3;-21.4
10/11/21;-30;-12;-7;-2;-14;31;-22;-9;-21;-32;-36;-4;-28;-22;-22;-27.5;-27;-37;-6;-27;-49;-34.6;-45;-8;-7.5
10/12/21;-33;-17;-13;-8;-15;28;-23;-10;-22;-33;-38;-5;-28;-23;-24;-28.5;-29;-38;-8;-28;-48.3;-32.6;-42.3;-8.1;-9.5
10/13/21;-34;-18;-13;-10;-16;28;-24;-11;-23;-34;-39;-7;-30;-25;-25;-30.5;-29;-39;-8;-33;-50.4;-36;-46;-12;-14.3
10/14/21;-35;-18;-15;-11;-17;27;-24;-7;-24;-35;-39;-8;-31;-25;-25;-30.5;-30;-40;-9;-36;-49.4;-37.8;-48.4;-13.3;-12.5
10/15/21;-35.5;-19;-15.5;-13;-18.5;27;-25;-12;-24;-35;-40;-8.5;-32.5;-26;-26;-33.5;-31;-40;-9;-41;-53.3;-39.8;-51.3;-16.3;-13.4
10/16/21;-36;-20;-16;-14.5;-19.5;26;-25;-12;-25;-36;-39;-9;-31;-27;-26;-33.5;-32;-41;-9;-41;-55.3;-41.8;-53.4;-19.1;-20.5
10/17/21;-37;-20.5;-17;-15;-21;26;-26;-13.1;-26.2;-37.1;-40;-9;-32;-27;-26;-33.5;-32;-42;-10;-42;-57.1;-43.6;-55.3;-20.2;-23.4
10/18/21;-37.5;-21;-17;-15.5;-21.5;26.2;-24;-12;-24;-36;-40;-10;-34;-28;-27;-34.5;-33;-42;-10;-42;-58.3;-44;-56.3;-21.3;-22.5
10/19/21;-38;-21;-17;-16;-22;25.9;-25;-13;-25;-37;-40;-10;-35;-30;-28;-35.5;-33;-43;-11;-43;-59.1;-44.8;-58;-22.7;-23.4
10/20/21;-39;-22.5;-18;-16.5;-22.5;27;-23;-10.1;-21.9;-34.4;-42;-14;-37;-31;-30;-35.5;-34;-43;-11;42;-60;-46.6;-58.3;-23;-24.3
10/21/21;-40;-23;-19;-18;-24;24;-24;-12;-25;-37;-41;-11;-35;-30;-29;-34.5;-35;-43;-12;-36;-61;-46.7;-59.4;-24;-25.3
10/22/21;-41;-24;-20;-19;-25;24;-25.2;-14;-28.1;-38.1;-43;-13;-36;-31;-30;-35.5;-35;-44;-13;-34;-61.1;-47.9;-60.3;-25.3;-26.6
10/23/21;-42;-24;-21;-19.5;-25.5;23;-25;-14;-27;-38;-43;-12;-34;-29;-28;-32.5;-32;-42;-11;-34;-62;-48.6;-61;-27;-25.3
10/24/21;-33.5;-17;-12;-8;-17;23;-26;-14;-27;-39;-44;-12;-34;-26;-25;-34.5;-33;-43;-11;-32;-52.1;-37.6;-48.2;-12.3;-15.3
10/25/21;-36;-21;-16;-14;-22;22;-28;-15;-27;-41;-44;-12;-35;-30;-31;-35.5;-35;-44;-12;-33;-53.2;-39.3;-50.2;-14;-16.3
10/26/21;-37.5;-22;-18;-16;-22.5;22;-28;-16;-28;-41.4;-45;-13;-36;-31;-32;-27.5;-28;-37;-5;-27;-50;-36.9;-48.2;-17;-19.6
10/27/21;-39;-23;-19;-17;-23;21;-28;-17;-29;-42;-45;-14;-38;-32;-33;-29.5;-29;-38;-7;-27;-56.1;-41.6;-55;-20;-22.3
10/28/21;-39.5;-23.5;-19.5;-17.2;-23.3;21;-28;-16;-30;-43;-45;-14;-40;-31;-34;-30.5;-30;-39;-9;-28;-58;-43.9;-57;-22.1;-24.3
10/29/21;-36;-21;-17;-14;-23;20;-27;-16;-29;-42;-44;-13;-38;-30;-32;-31.5;-30;-40;-7;-28;-59.1;-45.6;-57.3;-23;-24.3
10/30/21;-38;-23;-19;-17;-24;20;-28;-17;-32;-44;-43;-11;-35;-31;-30;-32.5;51;-41;-9;-29;-60.1;-45;-59;-24;-25.3
10/31/21;-34;-19;-14.5;-12;-20;22;-26;-15;-28;-42;-43;-11;-34;-29;-29;-33.5;-32;-41;-10;-32;-61.2;-47;-60;-25.2;-26.3
11/1/21;-35;-19.5;-14.5;-13;-19.5;24;-25;-14;-27;-42;-43;-12;-36;-30;-31;-32.5;-31;-40;-9;-30;-61;-47.6;-60;-26;-26.3
11/2/21;-31;-22;-16.5;-15;-21;23;-26.2;-15;-28;-42;-44;-14;-36;-32;-32;-32.5;-31;-41;-9;-29;-61.2;-48.6;-61.3;-26.3;-28.3
11/3/21;-29;-11;-7;-1;-10;34;-17;-6;-20;-33;-30;3;-21;-15;-16.5;-12.5;-14;-25;5;-24;-51.3;-37.8;50.9;-14.2;-14.5
11/4/21;-31;-17;-12.5;-5;-12;31;-19.2;-7;-20;-33;-30;5;-19;-14;-15;-16.5;-16;-28;3;-27;-52;-38.6;-49.3;-15;-17.3
11/5/21;-21;47;-4;0;-7;38;-12;0;-15;-28;-28;7;-17;-12;-13;-13.5;-13;-25;6;-25;-50;-35.6;43.8;-11.1;-13.3
11/6/21;7;8;2;2;2;50;6;14;-1;-13;-24;9;-15;-10;-4;-6.5;-6;-15;12;-17;-44;-24.9;-33;0;-1.3
11/7/21;10.5;11;0;1;0;50;6;15;0;-13;-24;8;-17;-11;-6;-9.5;-8;-17;9;-19;-46.2;-37.8;-36.4;-3.2;-5.3
11/8/21;10;11;-1;0.5;-3;49;2;12;-3;-15;-26;7;-16;-10;-11;-11.5;-11;-19;9;-21;-49;-32.6;-42;-8.2;-9.5
11/9/21;7;8;-2;-1.5;-5;46;0;11;0;-18;-28;7;-18;-12;-13;-12;-11;-22;9;-22;-50.2;-33.8;-46.3;-11;-14.2
11/10/21;11;12;3;1.5;1;52;5;16;0;-11;-21;13;-11;-5;-6;-6;-6;-18;17;-2;-49;-30.8;-43;-8;-8
11/11/21;11;22;8;-0.5;0;53;8;18;4;-10;-22;12;-12;-6;-7;-9;-7;-19;15;-3;-43.3;-25.8;-35.4;-33.1;-3
11/12/21;21;22;8;-0.5;-2;49.9;8;17;2;-12;-23;10;-14;-8;-8;-10;-10;-22;13;-5;-46;-28.8;-39;-5;-7
11/13/21;19;20;6;-0.5;-4;49;3;14;-2;-15;-22;10;-15;-8;-9;-12;-12;-25;-1;-8;-48;-31.8;-44;-9;-11
11/14/21;17;18;5;-1.5;-5;47;0;12;-4;-17;-23;8;-16;-10;-9;-10;-10;-23;11;-7;-39.2;-32.8;-46.2;-10;-11
11/15/21;14;16;3;-1.5;-6;44;-3;9;-6;-18;-24;7;-17;-11;-9;-12;-12;-24;10;-9;-49.3;-34;-46.2;-7.1;-10.4
11/16/21;14;16;3;-1.5;-6;44;-3;9;-6;-18;-24;7;-17;-11;-9;-12;-12;-24;10;-9;-49.3;-34;-46.2;-7.1;-10.4
11/17/21;10;13;-1;-2.5;-7;43;-5;7;-7;-19;-27;5;-18;-12;-12;-13;-12;-26;10;-9;-50;-34.8;-48.1;-12;-12.2
11/18/21;8;11;-2;-3.5;-8;42;-7;5;-9;-21;-30;3;-20;-14;-13;-13;-14;-27;8;-11;-52;-36.8;-50;-14.1;-14.2
11/19/21;7;9;-2;-4.5;-9;42;-7;5;-8;-20.2;-25.5;8;-17;-11.5;-12.3;-9;-13;-27;9;-11;-52.1;-35.8;-49;-13;-12.3
11/20/21;5;8;-3;-1.5;-4;41;-9;4;-10;-22;-28;5;-19;-13;-13;-16;-15;-28;9;-12;-50;-34.8;-47.3;-12;-14.2
11/21/21;4;5;-5;-1.5;-5;39;-11;3;-11;-23;-28;4;-21;-15;-15;-17;-17;-29;7;-13;-50.3;-35.1;-48;-13;-13.2
11/22/21;1;2;-8;-2.5;-7;38;-12;1;-13;-26;-29;2;-23;-17;-16;-18;-18;-30;5;-14;-52;-36.8;-50.3;-14;-14.3
11/23/21;-1;0;-9;-3.5;-8;36;-14;0;-13;-25;-28;4;-21;-16;-15;-15;-14;-26;10;-8;-48;-25;-48.3;-10;-13.1
11/24/21;-5;-3;-10;-3.5;-9;36;-14.8;-1;-13.8;-25.6;-29;0;-24;-25;-18;-19;-17;-29;7;-12;-48.2;-35.8;-43.1;-13.3;-13
11/25/21;-7;-5;-10;-3.5;-10;35;-15;-2;-14.2;-26;-33;1;-24;-21;-19;-20;-18;-30;6;-13;-51.3;-36.8;-50;-14.2;-15
11/26/21;-8;-3;-7;-1.5;-6;34.8;-15;-2;-15;-27;-33;0;-25;-20;-17;-17;-17;-28;8;-11;-52.2;-37.8;-51.2;-15.3;-16.1
11/27/21;-7;-7;-8;-3.5;-8;34.2;-17;-3;-14;-28;-34;-1;-26;-20;-21;-19;-18;-30;7;-12;-53.2;-38.8;-52.3;-16.4;-17
11/28/21;-11;-7;-7;-4.5;-9;33;-17;-4;-17;-30;-38;-3;-27;-22;-23;-20;-19;-30;5;-14;-54.2;-39.1;-54;-17.2;-18.1
11/29/21;-13;-10;-8;-4.5;-6;33;-18;-5;-18;-30;-34;-3;-28;-23;-17;-22;-20;-32;4;-15;-56;-40.8;-55;-19;-18
11/30/21;0;N/A;N/A;N/A;N/A;31;-19;-6;44;-31;-36;-4;-28;-22;-23;-23;-24;-33;3;-15;-56.1;-43.1;-55.3;-18;-20
12/1/21;-20;-16;-15;-10.5;-13;31;-20;-7;-20;-31;-36;-6;-29;-23;-24;-25;-24;-35;2;-17;-57.2;-41.8;-54.3;-20.2;-21
12/2/21;-24;-16;-15;-9.5;-15;30;-20;-7.6;-21;-32.4;-37;-5;-29;-24;-24;-25;-24;-36;1;-18;-58;-43.8;-52;-22.3;-24
12/3/21;-28;-18;-17;-13.5;-16;29;-22;-8;-22;-34;-38;-8;-30;-25;-26;-26;-25;-26;0;-19;-59;-44.1;-59.2;-23;-24
12/4/21;N/A;N/A;N/A;N/A;N/A;28;-23;-9;-23.1;-35;-38;-9;-32;-26;-27;-28;-26;-38;-1;-20;-61;-45;-60;-24;-24.3
12/5/21;-31;-17;-17;-11.5;-19;27.6;-23;-10;-23.3;-35;-40;-8;-24;-34;-27;-28;-27;-38;-2;-21;-61;-48.1;-59;-24;-25
12/6/21;-34;-20;-16;-13.5;-19;27.6;-24;-10;-23.8;-37;-40;-8;-25;-36;-28;-29;-27;-39;-3;-21;-61.1;-44.9;-60;-24;-25
12/7/21;-35;-20;-17;-13.5;-18;27;-24;-10.1;-23;-37;-41;-8;-33;-27;-28;-30;-28;-40;-3;-23;-61.3;-47;-61;-26;-25.3
12/8/21;-35.2;-17;-16;-10.5;-17;27;-24;-10.4;-24;-37;-42;-10;-34;-29;-34;-27;-25;-37;-2;-21;-61;-44.8;-59;-24;-25
12/9/21;-37;-20;-16;-12.5;-18;27;-22;-9;-22;-36;-39;-8;-33;-27;-26;-29;-27;-38;-2;-22;-60.1;-44;-59.3;-23.2;-23.4
12/10/21;-26;-12;-9;-2.5;-8;28;-22;-9;-23;-37;-38;-6;-30;-25;-25;-28;-26;-38;-2;-22;-58.3;-39.8;-58.3;-23;-23
12/11/21;-25;-12;-11;-2.5;-11;30.8;-20;-7;-21;-35;-34;-7;-31;-27;-27;-27;-25;-37;0;-20;-57.3;-41.2;-56.1;-20;-20.3
12/12/21;-24;-12;-12;-3.5;-13;30;-21;-8;-22;-36;-34;-7;-32;-28;-28;-28;-26;-38;-2;-22;-57.1;-31.9;-56;-20.3;-20.4
12/13/21;-28;-10;-8;-2.5;-8;31;-21;-8;-22;-37;-35;-7;-33;-27;-27;-25;-22;-36;0;-20;-55;-37.8;-54;-18;-18.4
12/14/21;-30;-15;-11;-2.5;-9;31;-21;-8;-23;-37;-30;-9;-34;-29;-29;-26;-24;-37;-1;-22;-55.2;-38.1;-53.4;-18;-20
12/15/21;-27;-9;-7;-2.5;-6;31;-21;-8;-23.5;-37;-35;-1;-26;-20;-21;-26;-17;-30;5;-10;-48.2;-31;-53.3;-8;-8
12/16/21;-49;-10;-8;-2.5;-7;33;-19;-6;43;-26;-34;-1;-25;-20;-21;-19;-17;-31;4;-16;-48;-32;-44.2;-9;-7.1
12/17/21;-26;-10;-7;-2.5;-6;34;-17;-4;-17.2;-32;-31;2;-22;-16;-16;-19;-18;-32;3;-16;-49.1;-32.8;-45;-9;-10
12/18/21;-27;-13;-9;-1.5;-8;36;-16;-3;-17;-30;-27;6;-18;-11;-12;-20;-19;-32;3;-17;-48.3;-31.1;-43;-9;-10.2
12/19/21;-18;-5;-3;-0.5;-2;47;1;11;-4;-16;-19;15;-9;2;-2;-11;-10;-23;8;-8;-48;-31.8;-43;-8.2;-9
12/20/21;-16;-9;-12;-0.5;-4;47;1;12;-5;-16;-20;14;-10;-5;-4;-19;-16;-14;-43;-11;-49;-32.1;-45;-7;-12
12/21/21;-19;-11;-8;-1.5;-5;47;0;10;-5;-17;-21;13;-12;-6;-5;-14;-14;-12;-43;-12;-50.3;-34.1;-46.4;-11.4;-12.1
12/22/21;-17;-9;-6;-0.5;-4;44.9;-3;9;3;-19;-21;13;-13;-4;-6;-15;-15;-13;-44;-13;-51.1;-35;-48.1;-13.2;-13
12/23/21;-11;-2;-2;2.5;0;47.2;7;16;0;-16;-18;15;-11;-5;-3;-14;-13;-11;-43;-12;-50.1;-33.8;-46;-10.2;-10.3
12/24/21;-9;-5;-6;0.5;-3;50.8;8;17;0;-14;-18;15;-13;-4;-4;-14;-13;-11;-43;-12;-50;-32.9;-45;-11;-12
12/25/21;0;2;-3;0.5;0;54.6;11;19;2;-10;-17;16;-12;2;-2;-11;-11;-9;-41;-9;-51;-34.8;-48;-12;-14
12/26/21;-1;1;-4;0.5;-1;53.6;12;21;6;-8;-17;17;-11;3;-1;-10;-14;-12;-41;-11;-51.1;-35.2;-48.3;-13;-14.1
12/27/21;-4;-2;-6;0.5;-2;52.5;10;20;6.6;-9;-17;18;-12;4;0;-14;-13;-11;-43;-13;-51;-36.8;-51;-15;-16
12/28/21;-9;-5;-7;0.5;-3;51.8;7;17;2.8;-11;-11;17;-13;2;1;-14;-16;-14;-45;-15;-54;-38.1;-52;-15.3;-16
12/29/21;-13;-9;-8;-0.5;-5;48;3;14;-1;-14;-10;17;-14;1;-1;-15;-17;-15;-46;-16;-54;-37.8;-51.3;-16;-17
12/30/21;-14.5;-10;-8.5;-0.5;-5;45;-1;12;-4;-14;-11;16;-15;-1;18;-17;-18;-16;-46;-17;-45.3;-25.8;-35;-2.3;-2
12/31/21;-16;-11;-9;-1.5;-6;44;-4;10;-5.3;-18;-12;15;-15;-2;17;-19;-19;-17;-49;-18;-45.3;-25.9;-36;-3.2;-4
